{
  "gen_kw": 0.00430000014603138,
  "total_appliance": 0.42971664667129517,
  "temperature": 54.790000915527344,
  "humidity": 0.6800000071525574,
  "hour": 11.0,
  "dayofweek": 3.0,
  "month": 5.0,
  "is_weekend": 0.0
}