Model,F1,AUC,Precision,Recall,DecisionThreshold
LightGBM,0.2987,0.9511,0.2241,0.4477,0.450795
RandomForest,0.2424,0.9287,0.1445,0.7503,0.139608
XGBoost,0.2222,0.9435,0.1427,0.5017,0.644966
LogisticRegression,0.2131,0.923,0.9304,0.1204,0.999999
IsolationForest,0.1381,0.7529,0.1453,0.1316,0.602938
