Model,F1,AUC,Precision,Recall,DecisionThreshold
LogisticRegression,0.0,0.6974,0.0,0.0,0.820844
RandomForest,0.0752,0.6791,0.0537,0.1253,0.252072
XGBoost,0.0,0.7674,0.0,0.0,0.830647
LightGBM,0.0795,0.7525,0.06,0.1174,0.692479
